AREA_NAME,HOOD_ID_2016,ASSAULT_2016,AUTOTHEFT_2016,BIKETHEFT_2016,BREAKENTER_2016,HOMICIDE_2016,ROBBERY_2016,SHOOTING_2016,THEFTFROMMV_2016,THEFTOVER_2016,TOTAL_CRIME_COUNT_2016,Reconciled_Neighbourhood,HOOD_ID_2021,ASSAULT_2021,AUTOTHEFT_2021,BIKETHEFT_2021,BREAKENTER_2021,HOMICIDE_2021,ROBBERY_2021,SHOOTING_2021,THEFTFROMMV_2021,THEFTOVER_2021,TOTAL_CRIME_COUNT_2021,total_population,ASSAULT_change,ASSAULT_percent_change,AUTOTHEFT_change,AUTOTHEFT_percent_change,BIKETHEFT_change,BIKETHEFT_percent_change,BREAKENTER_change,BREAKENTER_percent_change,HOMICIDE_change,HOMICIDE_percent_change,ROBBERY_change,ROBBERY_percent_change,SHOOTING_change,SHOOTING_percent_change,THEFTFROMMV_change,THEFTFROMMV_percent_change,THEFTOVER_change,THEFTOVER_percent_change,TOTAL_CRIME_COUNT_change,TOTAL_CRIME_COUNT_percent_change
Agincourt North,129.0,82.0,18.0,2.0,49.0,0.0,15.0,1.0,48.0,5.0,220.0,Agincourt North,129.0,62.0,52.0,2.0,18.0,0.0,7.0,0.0,32.0,2.0,175.0,27540.0,-20.0,-24.390243902439025,34.0,188.88888888888889,0.0,0.0,-31.0,-63.26530612244898,0.0,,-8.0,-53.333333333333336,-1.0,-100.0,-16.0,-33.33333333333333,-3.0,-60.0,-45.0,-20.454545454545457
Agincourt South-Malvern West,128.0,130.0,27.0,3.0,61.0,0.0,21.0,2.0,62.0,12.0,318.0,Agincourt South-Malvern West,128.0,152.0,39.0,10.0,44.0,1.0,19.0,5.0,86.0,6.0,362.0,24170.0,22.0,16.923076923076923,12.0,44.44444444444444,7.0,233.33333333333334,-17.0,-27.86885245901639,1.0,inf,-2.0,-9.523809523809524,3.0,150.0,24.0,38.70967741935484,-6.0,-50.0,44.0,13.836477987421384
Alderwood,20.0,39.0,17.0,3.0,26.0,0.0,10.0,0.0,45.0,10.0,150.0,Alderwood,20.0,27.0,31.0,0.0,17.0,0.0,2.0,0.0,47.0,4.0,128.0,12595.0,-12.0,-30.76923076923077,14.0,82.35294117647058,-3.0,-100.0,-9.0,-34.61538461538461,0.0,,-8.0,-80.0,0.0,,2.0,4.444444444444445,-6.0,-60.0,-22.0,-14.666666666666666
Annex,95.0,283.0,20.0,128.0,124.0,0.0,49.0,5.0,169.0,23.0,801.0,Annex,95.0,324.0,39.0,123.0,157.0,0.0,52.0,1.0,82.0,34.0,812.0,29300.0,41.0,14.487632508833922,19.0,95.0,-5.0,-3.90625,33.0,26.61290322580645,0.0,,3.0,6.122448979591836,-4.0,-80.0,-87.0,-51.4792899408284,11.0,47.82608695652174,11.0,1.373283395755306
Avondale,153.0,37.0,5.0,14.0,7.0,0.0,1.0,0.0,14.0,5.0,83.0,Avondale,,,,,,,,,,,,,,,,,,,,,,,,,,,,,,,,
Banbury-Don Mills,42.0,84.0,8.0,4.0,57.0,0.0,18.0,2.0,48.0,11.0,232.0,Banbury-Don Mills,42.0,86.0,36.0,12.0,23.0,0.0,3.0,2.0,40.0,8.0,210.0,27155.0,2.0,2.380952380952381,28.0,350.0,8.0,200.0,-34.0,-59.64912280701754,0.0,,-15.0,-83.33333333333334,0.0,0.0,-8.0,-16.666666666666664,-3.0,-27.27272727272727,-22.0,-9.482758620689655
Bathurst Manor,34.0,72.0,25.0,4.0,33.0,0.0,11.0,0.0,34.0,4.0,183.0,Bathurst Manor,34.0,55.0,44.0,5.0,18.0,0.0,9.0,1.0,34.0,1.0,167.0,15955.0,-17.0,-23.61111111111111,19.0,76.0,1.0,25.0,-15.0,-45.45454545454545,0.0,,-2.0,-18.181818181818183,1.0,inf,0.0,0.0,-3.0,-75.0,-16.0,-8.743169398907105
,,,,,,,,,,,,Bay Street Corridor,339.0,471.0,39.0,225.0,150.0,1.0,71.0,0.0,84.0,36.0,1077.0,29315.0,,,,,,,,,,,,,,,,,,,,
Bay-Cloverhill,169.0,122.0,6.0,97.0,59.0,0.0,19.0,0.0,25.0,13.0,341.0,Bay-Cloverhill,,,,,,,,,,,,,,,,,,,,,,,,,,,,,,,,
Bayview Village,52.0,78.0,14.0,25.0,33.0,0.0,11.0,0.0,42.0,5.0,208.0,Bayview Village,52.0,71.0,42.0,11.0,29.0,0.0,4.0,3.0,45.0,9.0,214.0,22330.0,-7.0,-8.974358974358974,28.0,200.0,-14.0,-56.00000000000001,-4.0,-12.121212121212121,0.0,,-7.0,-63.63636363636363,3.0,inf,3.0,7.142857142857142,4.0,80.0,6.0,2.8846153846153846
Bayview Woods-Steeles,49.0,37.0,18.0,1.0,33.0,0.0,0.0,1.0,15.0,1.0,106.0,Bayview Woods-Steeles,49.0,26.0,27.0,1.0,10.0,0.0,2.0,0.0,26.0,2.0,94.0,12085.0,-11.0,-29.72972972972973,9.0,50.0,0.0,0.0,-23.0,-69.6969696969697,0.0,,2.0,inf,-1.0,-100.0,11.0,73.33333333333333,1.0,100.0,-12.0,-11.320754716981133
Bedford Park-Nortown,39.0,34.0,30.0,20.0,100.0,0.0,18.0,1.0,46.0,7.0,256.0,Bedford Park-Nortown,39.0,44.0,105.0,3.0,30.0,0.0,10.0,2.0,50.0,4.0,248.0,22145.0,10.0,29.411764705882355,75.0,250.0,-17.0,-85.0,-70.0,-70.0,0.0,,-8.0,-44.44444444444444,1.0,100.0,4.0,8.695652173913043,-3.0,-42.857142857142854,-8.0,-3.125
Beechborough-Greenbrook,112.0,63.0,9.0,1.0,11.0,0.0,25.0,1.0,9.0,4.0,123.0,Beechborough-Greenbrook,112.0,58.0,18.0,0.0,7.0,2.0,13.0,5.0,13.0,0.0,116.0,6260.0,-5.0,-7.936507936507936,9.0,100.0,-1.0,-100.0,-4.0,-36.36363636363637,2.0,inf,-12.0,-48.0,4.0,400.0,4.0,44.44444444444444,-4.0,-100.0,-7.0,-5.691056910569105
,,,,,,,,,,,,Bendale,313.0,190.0,91.0,7.0,23.0,0.0,56.0,7.0,67.0,7.0,448.0,29410.0,,,,,,,,,,,,,,,,,,,,
Bendale South,157.0,78.0,8.0,7.0,28.0,1.0,14.0,2.0,16.0,4.0,158.0,Bendale South,,,,,,,,,,,,,,,,,,,,,,,,,,,,,,,,
Bendale-Glen Andrew,156.0,174.0,42.0,4.0,30.0,2.0,49.0,3.0,45.0,8.0,357.0,Bendale-Glen Andrew,,,,,,,,,,,,,,,,,,,,,,,,,,,,,,,,
Birchcliffe-Cliffside,122.0,198.0,15.0,22.0,76.0,0.0,25.0,0.0,93.0,6.0,435.0,Birchcliffe-Cliffside,122.0,142.0,31.0,11.0,42.0,0.0,14.0,1.0,68.0,4.0,313.0,22700.0,-56.0,-28.28282828282828,16.0,106.66666666666667,-11.0,-50.0,-34.0,-44.73684210526316,0.0,,-11.0,-44.0,1.0,inf,-25.0,-26.881720430107524,-2.0,-33.33333333333333,-122.0,-28.045977011494255
Black Creek,24.0,279.0,51.0,4.0,27.0,1.0,42.0,16.0,55.0,8.0,483.0,Black Creek,24.0,212.0,65.0,7.0,27.0,0.0,15.0,15.0,66.0,9.0,416.0,21145.0,-67.0,-24.014336917562723,14.0,27.450980392156865,3.0,75.0,0.0,0.0,-1.0,-100.0,-27.0,-64.28571428571429,-1.0,-6.25,11.0,20.0,1.0,12.5,-67.0,-13.871635610766045
Blake-Jones,69.0,64.0,5.0,11.0,23.0,1.0,11.0,4.0,21.0,0.0,140.0,Blake-Jones,69.0,47.0,5.0,19.0,27.0,0.0,13.0,1.0,13.0,2.0,127.0,7475.0,-17.0,-26.5625,0.0,0.0,8.0,72.72727272727273,4.0,17.391304347826086,-1.0,-100.0,2.0,18.181818181818183,-3.0,-75.0,-8.0,-38.095238095238095,2.0,inf,-13.0,-9.285714285714286
Briar Hill-Belgravia,108.0,81.0,18.0,7.0,31.0,0.0,28.0,2.0,32.0,4.0,203.0,Briar Hill-Belgravia,108.0,71.0,28.0,1.0,40.0,1.0,16.0,0.0,60.0,3.0,220.0,14575.0,-10.0,-12.345679012345679,10.0,55.55555555555556,-6.0,-85.71428571428571,9.0,29.03225806451613,1.0,inf,-12.0,-42.857142857142854,-2.0,-100.0,28.0,87.5,-1.0,-25.0,17.0,8.374384236453201
Bridle Path-Sunnybrook-York Mills,41.0,18.0,11.0,6.0,49.0,0.0,2.0,0.0,12.0,5.0,103.0,Bridle Path-Sunnybrook-York Mills,41.0,43.0,39.0,1.0,19.0,0.0,5.0,0.0,12.0,1.0,120.0,8940.0,25.0,138.88888888888889,28.0,254.54545454545453,-5.0,-83.33333333333334,-30.0,-61.224489795918366,0.0,,3.0,150.0,0.0,,0.0,0.0,-4.0,-80.0,17.0,16.50485436893204
Broadview North,57.0,46.0,7.0,16.0,16.0,0.0,11.0,1.0,24.0,2.0,123.0,Broadview North,57.0,55.0,11.0,10.0,18.0,1.0,10.0,1.0,22.0,1.0,129.0,10955.0,9.0,19.565217391304348,4.0,57.14285714285714,-6.0,-37.5,2.0,12.5,1.0,inf,-1.0,-9.090909090909092,0.0,0.0,-2.0,-8.333333333333332,-1.0,-50.0,6.0,4.878048780487805
Brookhaven-Amesbury,30.0,108.0,30.0,4.0,31.0,0.0,30.0,3.0,26.0,1.0,233.0,Brookhaven-Amesbury,30.0,123.0,49.0,7.0,25.0,3.0,15.0,4.0,47.0,5.0,278.0,17495.0,15.0,13.88888888888889,19.0,63.33333333333333,3.0,75.0,-6.0,-19.35483870967742,3.0,inf,-15.0,-50.0,1.0,33.33333333333333,21.0,80.76923076923077,4.0,400.0,45.0,19.313304721030043
Cabbagetown-South St.James Town,71.0,132.0,10.0,65.0,51.0,0.0,27.0,0.0,108.0,7.0,400.0,Cabbagetown-South St.James Town,71.0,125.0,5.0,38.0,68.0,1.0,14.0,0.0,50.0,7.0,308.0,,-7.0,-5.303030303030303,-5.0,-50.0,-27.0,-41.53846153846154,17.0,33.33333333333333,1.0,inf,-13.0,-48.148148148148145,0.0,,-58.0,-53.70370370370371,0.0,0.0,-92.0,-23.0
Caledonia-Fairbank,109.0,58.0,10.0,5.0,13.0,0.0,12.0,0.0,11.0,1.0,110.0,Caledonia-Fairbank,109.0,64.0,8.0,3.0,10.0,0.0,2.0,2.0,20.0,5.0,114.0,10015.0,6.0,10.344827586206897,-2.0,-20.0,-2.0,-40.0,-3.0,-23.076923076923077,0.0,,-10.0,-83.33333333333334,2.0,inf,9.0,81.81818181818183,4.0,400.0,4.0,3.6363636363636362
Casa Loma,96.0,43.0,5.0,15.0,19.0,0.0,2.0,0.0,23.0,7.0,114.0,Casa Loma,96.0,46.0,21.0,18.0,35.0,0.0,1.0,1.0,8.0,4.0,134.0,11350.0,3.0,6.976744186046512,16.0,320.0,3.0,20.0,16.0,84.21052631578947,0.0,,-1.0,-50.0,1.0,inf,-15.0,-65.21739130434783,-3.0,-42.857142857142854,20.0,17.543859649122805
Centennial Scarborough,133.0,48.0,5.0,6.0,18.0,0.0,11.0,2.0,47.0,1.0,138.0,Centennial Scarborough,133.0,37.0,23.0,0.0,5.0,0.0,6.0,0.0,36.0,2.0,109.0,13380.0,-11.0,-22.916666666666664,18.0,360.0,-6.0,-100.0,-13.0,-72.22222222222221,0.0,,-5.0,-45.45454545454545,-2.0,-100.0,-11.0,-23.404255319148938,1.0,100.0,-29.0,-21.014492753623188
Church-Wellesley,167.0,307.0,9.0,98.0,62.0,3.0,51.0,1.0,67.0,12.0,610.0,Church-Wellesley,,,,,,,,,,,,,,,,,,,,,,,,,,,,,,,,
,,,,,,,,,,,,Church-Yonge Corridor,335.0,997.0,78.0,263.0,248.0,0.0,137.0,9.0,172.0,47.0,1951.0,40020.0,,,,,,,,,,,,,,,,,,,,
Clairlea-Birchmount,120.0,241.0,47.0,8.0,87.0,1.0,44.0,0.0,109.0,18.0,555.0,Clairlea-Birchmount,120.0,231.0,49.0,12.0,57.0,1.0,9.0,2.0,140.0,14.0,515.0,26840.0,-10.0,-4.149377593360995,2.0,4.25531914893617,4.0,50.0,-30.0,-34.48275862068966,0.0,0.0,-35.0,-79.54545454545455,2.0,inf,31.0,28.440366972477065,-4.0,-22.22222222222222,-40.0,-7.207207207207207
Clanton Park,33.0,55.0,50.0,1.0,41.0,1.0,4.0,0.0,40.0,6.0,198.0,Clanton Park,33.0,94.0,90.0,12.0,36.0,1.0,13.0,0.0,74.0,7.0,327.0,17620.0,39.0,70.9090909090909,40.0,80.0,11.0,1100.0,-5.0,-12.195121951219512,0.0,0.0,9.0,225.0,0.0,,34.0,85.0,1.0,16.666666666666664,129.0,65.15151515151516
Cliffcrest,123.0,110.0,11.0,7.0,59.0,0.0,25.0,0.0,63.0,3.0,278.0,Cliffcrest,123.0,98.0,31.0,2.0,30.0,1.0,13.0,0.0,73.0,3.0,251.0,16130.0,-12.0,-10.909090909090908,20.0,181.8181818181818,-5.0,-71.42857142857143,-29.0,-49.152542372881356,1.0,inf,-12.0,-48.0,0.0,,10.0,15.873015873015872,0.0,0.0,-27.0,-9.712230215827338
Corso Italia-Davenport,92.0,71.0,8.0,9.0,15.0,0.0,30.0,1.0,27.0,2.0,163.0,Corso Italia-Davenport,92.0,119.0,24.0,12.0,31.0,0.0,1.0,0.0,23.0,4.0,214.0,13200.0,48.0,67.6056338028169,16.0,200.0,3.0,33.33333333333333,16.0,106.66666666666667,0.0,,-29.0,-96.66666666666667,-1.0,-100.0,-4.0,-14.814814814814813,2.0,100.0,51.0,31.28834355828221
Danforth,66.0,76.0,6.0,28.0,41.0,1.0,21.0,1.0,20.0,4.0,198.0,Danforth,66.0,92.0,22.0,66.0,51.0,0.0,12.0,0.0,51.0,5.0,299.0,9305.0,16.0,21.052631578947366,16.0,266.66666666666663,38.0,135.71428571428572,10.0,24.390243902439025,-1.0,-100.0,-9.0,-42.857142857142854,-1.0,-100.0,31.0,155.0,1.0,25.0,101.0,51.010101010101
Danforth East York,59.0,41.0,12.0,20.0,42.0,0.0,5.0,0.0,43.0,4.0,167.0,Danforth East York,59.0,58.0,16.0,22.0,23.0,0.0,5.0,1.0,58.0,4.0,187.0,17065.0,17.0,41.46341463414634,4.0,33.33333333333333,2.0,10.0,-19.0,-45.23809523809524,0.0,,0.0,0.0,1.0,inf,15.0,34.883720930232556,0.0,0.0,20.0,11.976047904191617
Don Valley Village,47.0,137.0,27.0,2.0,66.0,0.0,26.0,1.0,65.0,8.0,332.0,Don Valley Village,47.0,125.0,34.0,17.0,31.0,0.0,17.0,2.0,63.0,11.0,300.0,26775.0,-12.0,-8.75912408759124,7.0,25.925925925925924,15.0,750.0,-35.0,-53.03030303030303,0.0,,-9.0,-34.61538461538461,1.0,100.0,-2.0,-3.076923076923077,3.0,37.5,-32.0,-9.63855421686747
Dorset Park,126.0,196.0,44.0,3.0,71.0,0.0,58.0,10.0,67.0,12.0,461.0,Dorset Park,126.0,141.0,49.0,8.0,38.0,3.0,17.0,6.0,92.0,4.0,358.0,24305.0,-55.0,-28.061224489795915,5.0,11.363636363636363,5.0,166.66666666666669,-33.0,-46.478873239436616,3.0,inf,-41.0,-70.6896551724138,-4.0,-40.0,25.0,37.3134328358209,-8.0,-66.66666666666666,-103.0,-22.342733188720175
Dovercourt Village,172.0,92.0,18.0,55.0,38.0,0.0,16.0,2.0,51.0,5.0,277.0,Dovercourt Village,,,,,,,,,,,,,,,,,,,,,,,,,,,,,,,,
,,,,,,,,,,,,Dovercourt-Wallace Emerson-Junction,343.0,297.0,44.0,63.0,95.0,0.0,33.0,6.0,71.0,10.0,619.0,35560.0,,,,,,,,,,,,,,,,,,,,
Downsview,155.0,128.0,38.0,9.0,28.0,0.0,13.0,2.0,61.0,3.0,282.0,Downsview,,,,,,,,,,,,,,,,,,,,,,,,,,,,,,,,
,,,,,,,,,,,,Downsview-Roding-CFB,309.0,430.0,176.0,15.0,91.0,0.0,40.0,9.0,169.0,23.0,953.0,39390.0,,,,,,,,,,,,,,,,,,,,
Downtown Yonge East,168.0,346.0,16.0,115.0,85.0,1.0,100.0,3.0,141.0,30.0,837.0,Downtown Yonge East,,,,,,,,,,,,,,,,,,,,,,,,,,,,,,,,
Dufferin Grove,83.0,83.0,7.0,42.0,26.0,1.0,18.0,1.0,38.0,3.0,219.0,Dufferin Grove,83.0,79.0,20.0,28.0,29.0,0.0,4.0,1.0,23.0,3.0,187.0,11215.0,-4.0,-4.819277108433735,13.0,185.71428571428572,-14.0,-33.33333333333333,3.0,11.538461538461538,-1.0,-100.0,-14.0,-77.77777777777779,0.0,0.0,-15.0,-39.473684210526315,0.0,0.0,-32.0,-14.61187214611872
East End-Danforth,62.0,172.0,23.0,51.0,77.0,0.0,42.0,2.0,78.0,11.0,456.0,East End-Danforth,62.0,184.0,39.0,42.0,67.0,2.0,28.0,2.0,83.0,8.0,455.0,21840.0,12.0,6.976744186046512,16.0,69.56521739130434,-9.0,-17.647058823529413,-10.0,-12.987012987012985,2.0,inf,-14.0,-33.33333333333333,0.0,0.0,5.0,6.41025641025641,-3.0,-27.27272727272727,-1.0,-0.21929824561403508
East L'Amoreaux,148.0,82.0,13.0,2.0,20.0,1.0,17.0,2.0,28.0,2.0,167.0,East L'Amoreaux,,,,,,,,,,,,,,,,,,,,,,,,,,,,,,,,
East Willowdale,152.0,56.0,32.0,14.0,54.0,0.0,14.0,0.0,35.0,3.0,208.0,East Willowdale,,,,,,,,,,,,,,,,,,,,,,,,,,,,,,,,
Edenbridge-Humber Valley,9.0,29.0,28.0,5.0,46.0,0.0,5.0,2.0,47.0,2.0,164.0,Edenbridge-Humber Valley,9.0,35.0,30.0,6.0,16.0,0.0,1.0,2.0,24.0,2.0,116.0,15190.0,6.0,20.689655172413794,2.0,7.142857142857142,1.0,20.0,-30.0,-65.21739130434783,0.0,,-4.0,-80.0,0.0,0.0,-23.0,-48.93617021276596,0.0,0.0,-48.0,-29.268292682926827
Eglinton East,138.0,208.0,21.0,2.0,65.0,0.0,46.0,3.0,42.0,6.0,393.0,Eglinton East,138.0,162.0,42.0,2.0,30.0,3.0,17.0,8.0,50.0,1.0,315.0,22535.0,-46.0,-22.115384615384613,21.0,100.0,0.0,0.0,-35.0,-53.84615384615385,3.0,inf,-29.0,-63.04347826086957,5.0,166.66666666666669,8.0,19.047619047619047,-5.0,-83.33333333333334,-78.0,-19.84732824427481
Elms-Old Rexdale,5.0,69.0,16.0,2.0,10.0,0.0,21.0,4.0,24.0,0.0,146.0,Elms-Old Rexdale,5.0,69.0,51.0,0.0,10.0,0.0,7.0,7.0,18.0,3.0,165.0,9355.0,0.0,0.0,35.0,218.75,-2.0,-100.0,0.0,0.0,0.0,,-14.0,-66.66666666666666,3.0,75.0,-6.0,-25.0,3.0,inf,19.0,13.013698630136986
Englemount-Lawrence,32.0,130.0,23.0,18.0,56.0,0.0,37.0,16.0,37.0,7.0,324.0,Englemount-Lawrence,32.0,88.0,37.0,13.0,23.0,1.0,7.0,4.0,62.0,9.0,244.0,21285.0,-42.0,-32.30769230769231,14.0,60.86956521739131,-5.0,-27.77777777777778,-33.0,-58.92857142857143,1.0,inf,-30.0,-81.08108108108108,-12.0,-75.0,25.0,67.56756756756756,2.0,28.57142857142857,-80.0,-24.691358024691358
Eringate-Centennial-West Deane,11.0,61.0,30.0,4.0,28.0,0.0,13.0,3.0,42.0,4.0,185.0,Eringate-Centennial-West Deane,11.0,39.0,66.0,0.0,14.0,0.0,4.0,1.0,34.0,2.0,160.0,18450.0,-22.0,-36.0655737704918,36.0,120.0,-4.0,-100.0,-14.0,-50.0,0.0,,-9.0,-69.23076923076923,-2.0,-66.66666666666666,-8.0,-19.047619047619047,-2.0,-50.0,-25.0,-13.513513513513514
Etobicoke City Centre,159.0,131.0,103.0,19.0,65.0,0.0,21.0,3.0,97.0,31.0,470.0,Etobicoke City Centre,,,,,,,,,,,,,,,,,,,,,,,,,,,,,,,,
Etobicoke West Mall,13.0,46.0,15.0,1.0,14.0,1.0,4.0,1.0,19.0,0.0,101.0,Etobicoke West Mall,13.0,47.0,17.0,4.0,12.0,0.0,2.0,0.0,18.0,3.0,103.0,11865.0,1.0,2.1739130434782608,2.0,13.333333333333334,3.0,300.0,-2.0,-14.285714285714285,-1.0,-100.0,-2.0,-50.0,-1.0,-100.0,-1.0,-5.263157894736842,3.0,inf,2.0,1.9801980198019802
Fenside-Parkwoods,150.0,120.0,17.0,8.0,24.0,0.0,22.0,2.0,44.0,2.0,239.0,Fenside-Parkwoods,,,,,,,,,,,,,,,,,,,,,,,,,,,,,,,,
Flemingdon Park,44.0,157.0,4.0,4.0,14.0,0.0,24.0,8.0,46.0,3.0,260.0,Flemingdon Park,44.0,147.0,17.0,5.0,10.0,1.0,4.0,8.0,35.0,2.0,229.0,22530.0,-10.0,-6.369426751592357,13.0,325.0,1.0,25.0,-4.0,-28.57142857142857,1.0,inf,-20.0,-83.33333333333334,0.0,0.0,-11.0,-23.91304347826087,-1.0,-33.33333333333333,-31.0,-11.923076923076923
Forest Hill North,102.0,30.0,8.0,13.0,19.0,0.0,10.0,0.0,13.0,2.0,95.0,Forest Hill North,102.0,40.0,37.0,5.0,12.0,0.0,3.0,1.0,39.0,2.0,139.0,12290.0,10.0,33.33333333333333,29.0,362.5,-8.0,-61.53846153846154,-7.0,-36.84210526315789,0.0,,-7.0,-70.0,1.0,inf,26.0,200.0,0.0,0.0,44.0,46.31578947368421
Forest Hill South,101.0,10.0,9.0,9.0,27.0,0.0,2.0,0.0,15.0,5.0,77.0,Forest Hill South,101.0,16.0,75.0,21.0,25.0,0.0,2.0,0.0,27.0,3.0,169.0,10860.0,6.0,60.0,66.0,733.3333333333333,12.0,133.33333333333331,-2.0,-7.4074074074074066,0.0,,0.0,0.0,0.0,,12.0,80.0,-2.0,-40.0,92.0,119.48051948051948
Fort York-Liberty Village,163.0,99.0,14.0,60.0,28.0,0.0,4.0,1.0,24.0,11.0,241.0,Fort York-Liberty Village,,,,,,,,,,,,,,,,,,,,,,,,,,,,,,,,
Glenfield-Jane Heights,25.0,300.0,64.0,10.0,30.0,2.0,66.0,23.0,88.0,9.0,592.0,Glenfield-Jane Heights,25.0,309.0,106.0,6.0,41.0,5.0,26.0,17.0,95.0,7.0,612.0,30020.0,9.0,3.0,42.0,65.625,-4.0,-40.0,11.0,36.666666666666664,3.0,150.0,-40.0,-60.60606060606061,-6.0,-26.08695652173913,7.0,7.954545454545454,-2.0,-22.22222222222222,20.0,3.3783783783783785
Golfdale-Cedarbrae-Woburn,141.0,194.0,10.0,15.0,38.0,0.0,38.0,1.0,49.0,5.0,350.0,Golfdale-Cedarbrae-Woburn,,,,,,,,,,,,,,,,,,,,,,,,,,,,,,,,
Greenwood-Coxwell,65.0,100.0,12.0,37.0,62.0,0.0,14.0,1.0,58.0,7.0,291.0,Greenwood-Coxwell,65.0,109.0,18.0,61.0,38.0,0.0,14.0,2.0,59.0,7.0,308.0,14120.0,9.0,9.0,6.0,50.0,24.0,64.86486486486487,-24.0,-38.70967741935484,0.0,,0.0,0.0,1.0,100.0,1.0,1.7241379310344827,0.0,0.0,17.0,5.841924398625429
Guildwood,140.0,44.0,4.0,6.0,18.0,0.0,8.0,0.0,31.0,1.0,112.0,Guildwood,140.0,36.0,13.0,0.0,7.0,2.0,4.0,0.0,33.0,0.0,95.0,9680.0,-8.0,-18.181818181818183,9.0,225.0,-6.0,-100.0,-11.0,-61.111111111111114,2.0,inf,-4.0,-50.0,0.0,,2.0,6.451612903225806,-1.0,-100.0,-17.0,-15.178571428571427
Harbourfront-CityPlace,165.0,141.0,10.0,122.0,38.0,0.0,13.0,0.0,69.0,23.0,416.0,Harbourfront-CityPlace,,,,,,,,,,,,,,,,,,,,,,,,,,,,,,,,
Henry Farm,53.0,67.0,10.0,1.0,12.0,0.0,3.0,0.0,33.0,1.0,127.0,Henry Farm,53.0,94.0,33.0,19.0,24.0,0.0,7.0,0.0,100.0,6.0,283.0,19840.0,27.0,40.298507462686565,23.0,229.99999999999997,18.0,1800.0,12.0,100.0,0.0,,4.0,133.33333333333331,0.0,,67.0,203.03030303030303,5.0,500.0,156.0,122.83464566929135
High Park North,88.0,104.0,7.0,47.0,28.0,0.0,30.0,0.0,19.0,3.0,238.0,High Park North,88.0,99.0,20.0,32.0,38.0,0.0,12.0,0.0,29.0,5.0,235.0,21855.0,-5.0,-4.807692307692308,13.0,185.71428571428572,-15.0,-31.914893617021278,10.0,35.714285714285715,0.0,,-18.0,-60.0,0.0,,10.0,52.63157894736842,2.0,66.66666666666666,-3.0,-1.2605042016806722
High Park-Swansea,87.0,85.0,12.0,57.0,32.0,0.0,14.0,4.0,49.0,4.0,257.0,High Park-Swansea,87.0,81.0,24.0,28.0,28.0,0.0,9.0,2.0,31.0,4.0,207.0,22665.0,-4.0,-4.705882352941177,12.0,100.0,-29.0,-50.877192982456144,-4.0,-12.5,0.0,,-5.0,-35.714285714285715,-2.0,-50.0,-18.0,-36.734693877551024,0.0,0.0,-50.0,-19.45525291828794
Highland Creek,134.0,71.0,8.0,15.0,35.0,0.0,11.0,0.0,32.0,1.0,173.0,Highland Creek,134.0,38.0,30.0,0.0,5.0,1.0,2.0,0.0,24.0,1.0,101.0,12625.0,-33.0,-46.478873239436616,22.0,275.0,-15.0,-100.0,-30.0,-85.71428571428571,1.0,inf,-9.0,-81.81818181818183,0.0,,-8.0,-25.0,0.0,0.0,-72.0,-41.61849710982659
Hillcrest Village,48.0,43.0,23.0,3.0,34.0,0.0,16.0,0.0,21.0,2.0,142.0,Hillcrest Village,48.0,44.0,40.0,4.0,20.0,1.0,10.0,1.0,56.0,4.0,180.0,16345.0,1.0,2.3255813953488373,17.0,73.91304347826086,1.0,33.33333333333333,-14.0,-41.17647058823529,1.0,inf,-6.0,-37.5,1.0,inf,35.0,166.66666666666669,2.0,100.0,38.0,26.76056338028169
Humber Bay Shores,161.0,76.0,7.0,31.0,16.0,0.0,3.0,0.0,35.0,10.0,178.0,Humber Bay Shores,,,,,,,,,,,,,,,,,,,,,,,,,,,,,,,,
Humber Heights-Westmount,8.0,31.0,17.0,1.0,23.0,1.0,11.0,7.0,28.0,4.0,123.0,Humber Heights-Westmount,8.0,32.0,21.0,3.0,16.0,2.0,1.0,5.0,33.0,5.0,118.0,10005.0,1.0,3.225806451612903,4.0,23.52941176470588,2.0,200.0,-7.0,-30.434782608695656,1.0,100.0,-10.0,-90.9090909090909,-2.0,-28.57142857142857,5.0,17.857142857142858,1.0,25.0,-5.0,-4.0650406504065035
Humber Summit,21.0,127.0,63.0,6.0,41.0,0.0,29.0,16.0,67.0,18.0,367.0,Humber Summit,21.0,113.0,139.0,2.0,41.0,1.0,14.0,3.0,86.0,29.0,428.0,12185.0,-14.0,-11.023622047244094,76.0,120.63492063492063,-4.0,-66.66666666666666,0.0,0.0,1.0,inf,-15.0,-51.724137931034484,-13.0,-81.25,19.0,28.35820895522388,11.0,61.111111111111114,61.0,16.62125340599455
Humbermede,22.0,106.0,47.0,3.0,24.0,1.0,22.0,3.0,31.0,1.0,238.0,Humbermede,22.0,117.0,57.0,2.0,30.0,0.0,18.0,4.0,44.0,13.0,285.0,16955.0,11.0,10.377358490566039,10.0,21.27659574468085,-1.0,-33.33333333333333,6.0,25.0,-1.0,-100.0,-4.0,-18.181818181818183,1.0,33.33333333333333,13.0,41.935483870967744,12.0,1200.0,47.0,19.747899159663866
Humewood-Cedarvale,106.0,53.0,17.0,18.0,27.0,0.0,5.0,0.0,40.0,5.0,165.0,Humewood-Cedarvale,106.0,49.0,34.0,16.0,19.0,0.0,3.0,0.0,39.0,2.0,162.0,13845.0,-4.0,-7.547169811320755,17.0,100.0,-2.0,-11.11111111111111,-8.0,-29.629629629629626,0.0,,-2.0,-40.0,0.0,,-1.0,-2.5,-3.0,-60.0,-3.0,-1.8181818181818181
Ionview,125.0,105.0,7.0,0.0,17.0,0.0,9.0,0.0,15.0,4.0,157.0,Ionview,125.0,92.0,10.0,1.0,18.0,0.0,4.0,0.0,40.0,3.0,168.0,13365.0,-13.0,-12.380952380952381,3.0,42.857142857142854,1.0,inf,1.0,5.88235294117647,0.0,,-5.0,-55.55555555555556,0.0,,25.0,166.66666666666669,-1.0,-25.0,11.0,7.006369426751593
Islington,158.0,85.0,33.0,7.0,40.0,0.0,20.0,3.0,54.0,6.0,248.0,Islington,,,,,,,,,,,,,,,,,,,,,,,,,,,,,,,,
,,,,,,,,,,,,Islington-City Centre West,317.0,212.0,176.0,31.0,120.0,1.0,22.0,4.0,165.0,38.0,769.0,47060.0,,,,,,,,,,,,,,,,,,,,
Junction Area,90.0,107.0,20.0,26.0,33.0,0.0,13.0,1.0,35.0,4.0,239.0,Junction Area,90.0,116.0,27.0,15.0,45.0,0.0,9.0,0.0,36.0,5.0,253.0,14010.0,9.0,8.411214953271028,7.0,35.0,-11.0,-42.30769230769231,12.0,36.36363636363637,0.0,,-4.0,-30.76923076923077,-1.0,-100.0,1.0,2.857142857142857,1.0,25.0,14.0,5.857740585774058
Junction-Wallace Emerson,171.0,171.0,12.0,50.0,41.0,0.0,27.0,1.0,48.0,6.0,356.0,Junction-Wallace Emerson,,,,,,,,,,,,,,,,,,,,,,,,,,,,,,,,
Keelesdale-Eglinton West,110.0,54.0,16.0,3.0,14.0,0.0,16.0,1.0,11.0,0.0,115.0,Keelesdale-Eglinton West,110.0,74.0,24.0,2.0,27.0,3.0,7.0,2.0,34.0,1.0,174.0,11390.0,20.0,37.03703703703704,8.0,50.0,-1.0,-33.33333333333333,13.0,92.85714285714286,3.0,inf,-9.0,-56.25,1.0,100.0,23.0,209.0909090909091,1.0,inf,59.0,51.30434782608696
Kennedy Park,124.0,212.0,12.0,5.0,46.0,0.0,26.0,2.0,34.0,5.0,342.0,Kennedy Park,124.0,185.0,34.0,9.0,35.0,2.0,27.0,2.0,65.0,4.0,363.0,17110.0,-27.0,-12.735849056603774,22.0,183.33333333333331,4.0,80.0,-11.0,-23.91304347826087,2.0,inf,1.0,3.8461538461538463,0.0,0.0,31.0,91.17647058823529,-1.0,-20.0,21.0,6.140350877192982
Kensington-Chinatown,78.0,388.0,31.0,130.0,81.0,5.0,66.0,9.0,532.0,20.0,1262.0,Kensington-Chinatown,78.0,405.0,24.0,110.0,98.0,2.0,32.0,9.0,92.0,22.0,794.0,18120.0,17.0,4.381443298969072,-7.0,-22.58064516129032,-20.0,-15.384615384615385,17.0,20.98765432098765,-3.0,-60.0,-34.0,-51.515151515151516,0.0,0.0,-440.0,-82.70676691729322,2.0,10.0,-468.0,-37.08399366085578
Kingsview Village-The Westway,6.0,129.0,42.0,2.0,34.0,2.0,27.0,17.0,54.0,5.0,312.0,Kingsview Village-The Westway,6.0,99.0,84.0,3.0,17.0,1.0,9.0,7.0,94.0,8.0,322.0,22005.0,-30.0,-23.25581395348837,42.0,100.0,1.0,50.0,-17.0,-50.0,-1.0,-50.0,-18.0,-66.66666666666666,-10.0,-58.82352941176471,40.0,74.07407407407408,3.0,60.0,10.0,3.205128205128205
Kingsway South,15.0,29.0,9.0,14.0,27.0,0.0,12.0,0.0,21.0,2.0,114.0,Kingsway South,15.0,32.0,36.0,6.0,9.0,0.0,13.0,0.0,18.0,3.0,117.0,8855.0,3.0,10.344827586206897,27.0,300.0,-8.0,-57.14285714285714,-18.0,-66.66666666666666,0.0,,1.0,8.333333333333332,0.0,,-3.0,-14.285714285714285,1.0,50.0,3.0,2.631578947368421
,,,,,,,,,,,,L'Amoreaux,295.0,180.0,38.0,9.0,31.0,0.0,15.0,5.0,54.0,7.0,339.0,43040.0,,,,,,,,,,,,,,,,,,,,
L'Amoreaux West,147.0,95.0,15.0,5.0,30.0,1.0,23.0,5.0,24.0,2.0,200.0,L'Amoreaux West,,,,,,,,,,,,,,,,,,,,,,,,,,,,,,,,
Lambton Baby Point,114.0,20.0,1.0,6.0,9.0,0.0,5.0,0.0,14.0,2.0,57.0,Lambton Baby Point,114.0,34.0,11.0,6.0,6.0,0.0,0.0,0.0,7.0,1.0,65.0,7965.0,14.0,70.0,10.0,1000.0,0.0,0.0,-3.0,-33.33333333333333,0.0,,-5.0,-100.0,0.0,,-7.0,-50.0,-1.0,-50.0,8.0,14.035087719298245
Lansing-Westgate,38.0,65.0,26.0,13.0,41.0,0.0,5.0,1.0,38.0,4.0,193.0,Lansing-Westgate,38.0,93.0,63.0,11.0,16.0,0.0,12.0,3.0,40.0,5.0,243.0,15910.0,28.0,43.07692307692308,37.0,142.30769230769232,-2.0,-15.384615384615385,-25.0,-60.97560975609756,0.0,,7.0,140.0,2.0,200.0,2.0,5.263157894736842,1.0,25.0,50.0,25.906735751295333
Lawrence Park North,105.0,24.0,14.0,14.0,27.0,0.0,4.0,0.0,23.0,3.0,109.0,Lawrence Park North,105.0,44.0,46.0,19.0,20.0,0.0,8.0,0.0,27.0,1.0,165.0,14675.0,20.0,83.33333333333334,32.0,228.57142857142856,5.0,35.714285714285715,-7.0,-25.925925925925924,0.0,,4.0,100.0,0.0,,4.0,17.391304347826086,-2.0,-66.66666666666666,56.0,51.37614678899083
Lawrence Park South,103.0,18.0,20.0,12.0,44.0,0.0,2.0,0.0,25.0,1.0,122.0,Lawrence Park South,103.0,30.0,62.0,17.0,26.0,0.0,7.0,0.0,27.0,2.0,171.0,14960.0,12.0,66.66666666666666,42.0,210.0,5.0,41.66666666666667,-18.0,-40.909090909090914,0.0,,5.0,250.0,0.0,,2.0,8.0,1.0,100.0,49.0,40.16393442622951
Leaside-Bennington,56.0,41.0,4.0,38.0,33.0,0.0,9.0,0.0,19.0,3.0,147.0,Leaside-Bennington,56.0,50.0,86.0,28.0,39.0,0.0,3.0,1.0,40.0,3.0,250.0,16535.0,9.0,21.951219512195124,82.0,2050.0,-10.0,-26.31578947368421,6.0,18.181818181818183,0.0,,-6.0,-66.66666666666666,1.0,inf,21.0,110.5263157894737,0.0,0.0,103.0,70.06802721088435
Little Portugal,84.0,108.0,12.0,41.0,40.0,1.0,9.0,0.0,30.0,4.0,245.0,Little Portugal,84.0,105.0,7.0,41.0,40.0,0.0,10.0,1.0,26.0,7.0,237.0,15485.0,-3.0,-2.7777777777777777,-5.0,-41.66666666666667,0.0,0.0,0.0,0.0,-1.0,-100.0,1.0,11.11111111111111,1.0,inf,-4.0,-13.333333333333334,3.0,75.0,-8.0,-3.2653061224489797
Long Branch,19.0,60.0,13.0,10.0,28.0,0.0,6.0,0.0,19.0,0.0,136.0,Long Branch,19.0,95.0,41.0,11.0,15.0,1.0,1.0,3.0,39.0,3.0,209.0,11360.0,35.0,58.333333333333336,28.0,215.3846153846154,1.0,10.0,-13.0,-46.42857142857143,1.0,inf,-5.0,-83.33333333333334,3.0,inf,20.0,105.26315789473684,3.0,inf,73.0,53.67647058823529
,,,,,,,,,,,,Malvern,291.0,231.0,65.0,8.0,34.0,3.0,42.0,10.0,50.0,4.0,447.0,43415.0,,,,,,,,,,,,,,,,,,,,
Malvern East,146.0,167.0,18.0,5.0,41.0,4.0,29.0,9.0,27.0,2.0,302.0,Malvern East,,,,,,,,,,,,,,,,,,,,,,,,,,,,,,,,
Malvern West,145.0,113.0,18.0,3.0,24.0,0.0,34.0,1.0,38.0,6.0,237.0,Malvern West,,,,,,,,,,,,,,,,,,,,,,,,,,,,,,,,
Maple Leaf,29.0,44.0,15.0,0.0,18.0,0.0,8.0,0.0,13.0,0.0,98.0,Maple Leaf,29.0,33.0,13.0,1.0,10.0,0.0,1.0,2.0,19.0,3.0,82.0,9845.0,-11.0,-25.0,-2.0,-13.333333333333334,1.0,inf,-8.0,-44.44444444444444,0.0,,-7.0,-87.5,2.0,inf,6.0,46.15384615384615,3.0,inf,-16.0,-16.3265306122449
Markland Wood,12.0,26.0,13.0,1.0,19.0,0.0,10.0,0.0,44.0,2.0,115.0,Markland Wood,12.0,25.0,22.0,1.0,9.0,0.0,8.0,0.0,23.0,0.0,88.0,10365.0,-1.0,-3.8461538461538463,9.0,69.23076923076923,0.0,0.0,-10.0,-52.63157894736842,0.0,,-2.0,-20.0,0.0,,-21.0,-47.72727272727273,-2.0,-100.0,-27.0,-23.47826086956522
Milliken,130.0,89.0,35.0,0.0,67.0,0.0,37.0,1.0,43.0,9.0,281.0,Milliken,130.0,63.0,80.0,8.0,89.0,1.0,16.0,6.0,67.0,8.0,338.0,23980.0,-26.0,-29.213483146067414,45.0,128.57142857142858,8.0,inf,22.0,32.83582089552239,1.0,inf,-21.0,-56.75675675675676,5.0,500.0,24.0,55.81395348837209,-1.0,-11.11111111111111,57.0,20.284697508896798
,,,,,,,,,,,,Mimico (includes Humber Bay Shores),321.0,370.0,57.0,41.0,54.0,0.0,14.0,3.0,55.0,13.0,607.0,39650.0,,,,,,,,,,,,,,,,,,,,
Mimico-Queensway,160.0,165.0,28.0,6.0,33.0,1.0,9.0,1.0,37.0,7.0,287.0,Mimico-Queensway,,,,,,,,,,,,,,,,,,,,,,,,,,,,,,,,
Morningside,135.0,164.0,14.0,3.0,19.0,1.0,10.0,2.0,20.0,0.0,233.0,Morningside,135.0,83.0,33.0,0.0,16.0,0.0,5.0,3.0,21.0,1.0,162.0,17660.0,-81.0,-49.390243902439025,19.0,135.71428571428572,-3.0,-100.0,-3.0,-15.789473684210526,-1.0,-100.0,-5.0,-50.0,1.0,50.0,1.0,5.0,1.0,inf,-71.0,-30.472103004291846
Morningside Heights,144.0,86.0,16.0,1.0,42.0,0.0,26.0,5.0,39.0,10.0,225.0,Morningside Heights,,,,,,,,,,,,,,,,,,,,,,,,,,,,,,,,
Moss Park,73.0,456.0,16.0,118.0,129.0,2.0,119.0,5.0,136.0,11.0,992.0,Moss Park,73.0,625.0,50.0,96.0,154.0,1.0,88.0,3.0,126.0,17.0,1160.0,21490.0,169.0,37.06140350877193,34.0,212.5,-22.0,-18.64406779661017,25.0,19.379844961240313,-1.0,-50.0,-31.0,-26.05042016806723,-2.0,-40.0,-10.0,-7.352941176470589,6.0,54.54545454545454,168.0,16.93548387096774
Mount Dennis,115.0,111.0,19.0,3.0,31.0,0.0,34.0,3.0,19.0,0.0,220.0,Mount Dennis,115.0,98.0,26.0,6.0,15.0,1.0,11.0,2.0,33.0,3.0,195.0,13055.0,-13.0,-11.711711711711711,7.0,36.84210526315789,3.0,100.0,-16.0,-51.61290322580645,1.0,inf,-23.0,-67.64705882352942,-1.0,-33.33333333333333,14.0,73.68421052631578,3.0,inf,-25.0,-11.363636363636363
Mount Olive-Silverstone-Jamestown,2.0,275.0,43.0,12.0,34.0,3.0,106.0,7.0,98.0,4.0,582.0,Mount Olive-Silverstone-Jamestown,2.0,211.0,77.0,6.0,16.0,0.0,50.0,10.0,83.0,3.0,456.0,31345.0,-64.0,-23.272727272727273,34.0,79.06976744186046,-6.0,-50.0,-18.0,-52.94117647058824,-3.0,-100.0,-56.0,-52.83018867924528,3.0,42.857142857142854,-15.0,-15.306122448979592,-1.0,-25.0,-126.0,-21.649484536082475
Mount Pleasant East,99.0,18.0,8.0,20.0,15.0,0.0,3.0,0.0,15.0,1.0,80.0,Mount Pleasant East,99.0,48.0,38.0,23.0,33.0,0.0,9.0,0.0,27.0,3.0,181.0,16370.0,30.0,166.66666666666669,30.0,375.0,3.0,15.0,18.0,120.0,0.0,,6.0,200.0,0.0,,12.0,80.0,2.0,200.0,101.0,126.25
,,,,,,,,,,,,Mount Pleasant West,347.0,224.0,29.0,56.0,93.0,1.0,21.0,1.0,38.0,8.0,471.0,38620.0,,,,,,,,,,,,,,,,,,,,
New Toronto,18.0,98.0,10.0,6.0,42.0,1.0,19.0,1.0,32.0,5.0,214.0,New Toronto,18.0,116.0,15.0,9.0,18.0,0.0,14.0,3.0,24.0,5.0,204.0,11345.0,18.0,18.367346938775512,5.0,50.0,3.0,50.0,-24.0,-57.14285714285714,-1.0,-100.0,-5.0,-26.31578947368421,2.0,200.0,-8.0,-25.0,0.0,0.0,-10.0,-4.672897196261682
Newtonbrook East,50.0,98.0,9.0,10.0,42.0,1.0,14.0,2.0,28.0,5.0,209.0,Newtonbrook East,50.0,95.0,46.0,9.0,27.0,0.0,14.0,1.0,37.0,8.0,237.0,15345.0,-3.0,-3.061224489795918,37.0,411.1111111111111,-1.0,-10.0,-15.0,-35.714285714285715,-1.0,-100.0,0.0,0.0,-1.0,-50.0,9.0,32.142857142857146,3.0,60.0,28.0,13.397129186602871
Newtonbrook West,36.0,148.0,45.0,27.0,54.0,0.0,18.0,0.0,45.0,6.0,343.0,Newtonbrook West,36.0,202.0,96.0,17.0,35.0,0.0,17.0,0.0,81.0,9.0,457.0,23805.0,54.0,36.486486486486484,51.0,113.33333333333333,-10.0,-37.03703703703704,-19.0,-35.18518518518518,0.0,,-1.0,-5.555555555555555,0.0,,36.0,80.0,3.0,50.0,114.0,33.23615160349854
,,,,,,,,,,,,Niagara,325.0,259.0,25.0,91.0,92.0,0.0,18.0,3.0,90.0,23.0,601.0,33085.0,,,,,,,,,,,,,,,,,,,,
North Riverdale,68.0,53.0,5.0,30.0,41.0,1.0,33.0,2.0,49.0,6.0,220.0,North Riverdale,68.0,57.0,13.0,17.0,32.0,1.0,5.0,1.0,32.0,0.0,158.0,11290.0,4.0,7.547169811320755,8.0,160.0,-13.0,-43.333333333333336,-9.0,-21.951219512195124,0.0,0.0,-28.0,-84.84848484848484,-1.0,-50.0,-17.0,-34.69387755102041,-6.0,-100.0,-62.0,-28.18181818181818
North St.James Town,74.0,137.0,17.0,60.0,53.0,0.0,22.0,2.0,154.0,8.0,453.0,North St.James Town,74.0,265.0,20.0,25.0,45.0,0.0,16.0,3.0,40.0,3.0,417.0,,128.0,93.43065693430657,3.0,17.647058823529413,-35.0,-58.333333333333336,-8.0,-15.09433962264151,0.0,,-6.0,-27.27272727272727,1.0,50.0,-114.0,-74.02597402597402,-5.0,-62.5,-36.0,-7.9470198675496695
North Toronto,173.0,47.0,2.0,9.0,15.0,0.0,8.0,0.0,15.0,2.0,98.0,North Toronto,,,,,,,,,,,,,,,,,,,,,,,,,,,,,,,,
O'Connor-Parkview,54.0,127.0,7.0,6.0,34.0,0.0,28.0,1.0,84.0,6.0,293.0,O'Connor-Parkview,54.0,115.0,43.0,7.0,38.0,1.0,12.0,2.0,65.0,2.0,285.0,18405.0,-12.0,-9.448818897637794,36.0,514.2857142857143,1.0,16.666666666666664,4.0,11.76470588235294,1.0,inf,-16.0,-57.14285714285714,1.0,100.0,-19.0,-22.61904761904762,-4.0,-66.66666666666666,-8.0,-2.7303754266211606
Oakdale-Beverley Heights,154.0,230.0,51.0,7.0,24.0,0.0,34.0,3.0,43.0,8.0,400.0,Oakdale-Beverley Heights,,,,,,,,,,,,,,,,,,,,,,,,,,,,,,,,
Oakridge,121.0,143.0,11.0,4.0,59.0,0.0,30.0,3.0,71.0,10.0,331.0,Oakridge,121.0,190.0,20.0,8.0,28.0,0.0,22.0,3.0,66.0,5.0,342.0,13705.0,47.0,32.86713286713287,9.0,81.81818181818183,4.0,100.0,-31.0,-52.54237288135594,0.0,,-8.0,-26.666666666666668,0.0,0.0,-5.0,-7.042253521126761,-5.0,-50.0,11.0,3.3232628398791544
Oakwood Village,107.0,136.0,24.0,17.0,23.0,0.0,31.0,11.0,26.0,2.0,270.0,Oakwood Village,107.0,98.0,28.0,11.0,35.0,0.0,12.0,3.0,55.0,8.0,250.0,20710.0,-38.0,-27.941176470588236,4.0,16.666666666666664,-6.0,-35.294117647058826,12.0,52.17391304347826,0.0,,-19.0,-61.29032258064516,-8.0,-72.72727272727273,29.0,111.53846153846155,6.0,300.0,-20.0,-7.4074074074074066
Old East York,58.0,48.0,6.0,2.0,26.0,1.0,9.0,1.0,17.0,2.0,112.0,Old East York,58.0,38.0,19.0,4.0,6.0,0.0,8.0,0.0,21.0,5.0,101.0,9160.0,-10.0,-20.833333333333336,13.0,216.66666666666666,2.0,100.0,-20.0,-76.92307692307693,-1.0,-100.0,-1.0,-11.11111111111111,-1.0,-100.0,4.0,23.52941176470588,3.0,150.0,-11.0,-9.821428571428571
Palmerston-Little Italy,80.0,67.0,17.0,53.0,39.0,0.0,23.0,0.0,46.0,6.0,251.0,Palmerston-Little Italy,80.0,72.0,10.0,28.0,32.0,1.0,9.0,0.0,22.0,0.0,174.0,13120.0,5.0,7.462686567164178,-7.0,-41.17647058823529,-25.0,-47.16981132075472,-7.0,-17.94871794871795,1.0,inf,-14.0,-60.86956521739131,0.0,,-24.0,-52.17391304347826,-6.0,-100.0,-77.0,-30.677290836653388
,,,,,,,,,,,,Parkwoods-Donalda,299.0,138.0,53.0,8.0,37.0,1.0,24.0,4.0,74.0,5.0,344.0,34475.0,,,,,,,,,,,,,,,,,,,,
Parkwoods-O'Connor Hills,149.0,52.0,11.0,1.0,22.0,0.0,11.0,2.0,44.0,1.0,144.0,Parkwoods-O'Connor Hills,,,,,,,,,,,,,,,,,,,,,,,,,,,,,,,,
Pelmo Park-Humberlea,23.0,59.0,26.0,1.0,24.0,1.0,12.0,5.0,36.0,4.0,168.0,Pelmo Park-Humberlea,23.0,57.0,67.0,3.0,12.0,2.0,4.0,2.0,48.0,2.0,197.0,11290.0,-2.0,-3.389830508474576,41.0,157.69230769230768,2.0,200.0,-12.0,-50.0,1.0,100.0,-8.0,-66.66666666666666,-3.0,-60.0,12.0,33.33333333333333,-2.0,-50.0,29.0,17.261904761904763
Playter Estates-Danforth,67.0,71.0,9.0,15.0,24.0,0.0,12.0,0.0,13.0,3.0,147.0,Playter Estates-Danforth,67.0,57.0,8.0,26.0,41.0,0.0,12.0,1.0,34.0,2.0,181.0,7680.0,-14.0,-19.718309859154928,-1.0,-11.11111111111111,11.0,73.33333333333333,17.0,70.83333333333334,0.0,,0.0,0.0,1.0,inf,21.0,161.53846153846155,-1.0,-33.33333333333333,34.0,23.12925170068027
Pleasant View,46.0,52.0,7.0,2.0,32.0,0.0,13.0,1.0,13.0,3.0,123.0,Pleasant View,46.0,26.0,14.0,8.0,17.0,0.0,9.0,0.0,73.0,6.0,153.0,15220.0,-26.0,-50.0,7.0,100.0,6.0,300.0,-15.0,-46.875,0.0,,-4.0,-30.76923076923077,-1.0,-100.0,60.0,461.5384615384615,3.0,100.0,30.0,24.390243902439025
Princess-Rosethorn,10.0,31.0,22.0,3.0,33.0,1.0,28.0,1.0,51.0,3.0,173.0,Princess-Rosethorn,10.0,25.0,23.0,5.0,11.0,0.0,2.0,1.0,33.0,2.0,102.0,11170.0,-6.0,-19.35483870967742,1.0,4.545454545454546,2.0,66.66666666666666,-22.0,-66.66666666666666,-1.0,-100.0,-26.0,-92.85714285714286,0.0,0.0,-18.0,-35.294117647058826,-1.0,-33.33333333333333,-71.0,-41.040462427745666
Regent Park,72.0,129.0,3.0,39.0,25.0,1.0,19.0,8.0,48.0,3.0,275.0,Regent Park,72.0,185.0,9.0,14.0,32.0,1.0,16.0,2.0,22.0,6.0,287.0,12750.0,56.0,43.41085271317829,6.0,200.0,-25.0,-64.1025641025641,7.0,28.000000000000004,0.0,0.0,-3.0,-15.789473684210526,-6.0,-75.0,-26.0,-54.166666666666664,3.0,100.0,12.0,4.363636363636364
Rexdale-Kipling,4.0,72.0,23.0,2.0,16.0,0.0,15.0,3.0,14.0,0.0,145.0,Rexdale-Kipling,4.0,49.0,41.0,2.0,29.0,0.0,10.0,1.0,55.0,2.0,189.0,10375.0,-23.0,-31.944444444444443,18.0,78.26086956521739,0.0,0.0,13.0,81.25,0.0,,-5.0,-33.33333333333333,-2.0,-66.66666666666666,41.0,292.85714285714283,2.0,inf,44.0,30.344827586206897
Rockcliffe-Smythe,111.0,141.0,33.0,9.0,38.0,0.0,61.0,3.0,42.0,4.0,331.0,Rockcliffe-Smythe,111.0,139.0,47.0,11.0,35.0,1.0,16.0,12.0,42.0,5.0,308.0,22235.0,-2.0,-1.4184397163120568,14.0,42.42424242424242,2.0,22.22222222222222,-3.0,-7.894736842105263,1.0,inf,-45.0,-73.77049180327869,9.0,300.0,0.0,0.0,1.0,25.0,-23.0,-6.948640483383686
Roncesvalles,86.0,135.0,12.0,28.0,45.0,0.0,37.0,4.0,37.0,3.0,301.0,Roncesvalles,86.0,107.0,18.0,24.0,67.0,0.0,12.0,4.0,43.0,8.0,283.0,14610.0,-28.0,-20.74074074074074,6.0,50.0,-4.0,-14.285714285714285,22.0,48.888888888888886,0.0,,-25.0,-67.56756756756756,0.0,0.0,6.0,16.216216216216218,5.0,166.66666666666669,-18.0,-5.980066445182724
Rosedale-Moore Park,98.0,112.0,12.0,54.0,60.0,0.0,19.0,1.0,45.0,9.0,312.0,Rosedale-Moore Park,98.0,157.0,73.0,54.0,64.0,1.0,29.0,1.0,34.0,8.0,421.0,20080.0,45.0,40.17857142857143,61.0,508.3333333333333,0.0,0.0,4.0,6.666666666666667,1.0,inf,10.0,52.63157894736842,0.0,0.0,-11.0,-24.444444444444443,-1.0,-11.11111111111111,109.0,34.93589743589743
,,,,,,,,,,,,Rouge,287.0,155.0,114.0,7.0,47.0,2.0,19.0,9.0,85.0,11.0,449.0,45610.0,,,,,,,,,,,,,,,,,,,,
Runnymede-Bloor West Village,89.0,39.0,9.0,15.0,22.0,0.0,16.0,0.0,18.0,1.0,120.0,Runnymede-Bloor West Village,89.0,26.0,22.0,7.0,12.0,0.0,6.0,0.0,24.0,8.0,105.0,10120.0,-13.0,-33.33333333333333,13.0,144.44444444444443,-8.0,-53.333333333333336,-10.0,-45.45454545454545,0.0,,-10.0,-62.5,0.0,,6.0,33.33333333333333,7.0,700.0,-15.0,-12.5
Rustic,28.0,85.0,10.0,3.0,17.0,1.0,9.0,9.0,9.0,3.0,146.0,Rustic,28.0,76.0,16.0,0.0,7.0,2.0,6.0,8.0,13.0,0.0,128.0,9390.0,-9.0,-10.588235294117647,6.0,60.0,-3.0,-100.0,-10.0,-58.82352941176471,1.0,100.0,-3.0,-33.33333333333333,-1.0,-11.11111111111111,4.0,44.44444444444444,-3.0,-100.0,-18.0,-12.32876712328767
Scarborough Village,139.0,191.0,9.0,2.0,34.0,6.0,25.0,3.0,35.0,2.0,307.0,Scarborough Village,139.0,120.0,26.0,5.0,22.0,0.0,15.0,3.0,62.0,6.0,259.0,16520.0,-71.0,-37.17277486910995,17.0,188.88888888888889,3.0,150.0,-12.0,-35.294117647058826,-6.0,-100.0,-10.0,-40.0,0.0,0.0,27.0,77.14285714285715,4.0,200.0,-48.0,-15.63517915309446
South Eglinton-Davisville,174.0,66.0,3.0,27.0,25.0,1.0,8.0,1.0,11.0,4.0,146.0,South Eglinton-Davisville,,,,,,,,,,,,,,,,,,,,,,,,,,,,,,,,
South Parkdale,85.0,218.0,23.0,30.0,68.0,1.0,33.0,7.0,46.0,9.0,435.0,South Parkdale,85.0,257.0,17.0,32.0,63.0,0.0,20.0,3.0,50.0,6.0,448.0,20495.0,39.0,17.889908256880734,-6.0,-26.08695652173913,2.0,6.666666666666667,-5.0,-7.352941176470589,-1.0,-100.0,-13.0,-39.39393939393939,-4.0,-57.14285714285714,4.0,8.695652173913043,-3.0,-33.33333333333333,13.0,2.9885057471264367
South Riverdale,70.0,228.0,27.0,129.0,150.0,3.0,45.0,7.0,149.0,22.0,760.0,South Riverdale,70.0,224.0,48.0,94.0,135.0,2.0,31.0,2.0,124.0,21.0,681.0,27815.0,-4.0,-1.7543859649122806,21.0,77.77777777777779,-35.0,-27.131782945736433,-15.0,-10.0,-1.0,-33.33333333333333,-14.0,-31.11111111111111,-5.0,-71.42857142857143,-25.0,-16.778523489932887,-1.0,-4.545454545454546,-79.0,-10.394736842105264
St Lawrence-East Bayfront-The Islands,166.0,226.0,6.0,127.0,62.0,0.0,16.0,3.0,86.0,16.0,542.0,St Lawrence-East Bayfront-The Islands,,,,,,,,,,,,,,,,,,,,,,,,,,,,,,,,
St.Andrew-Windfields,40.0,56.0,10.0,8.0,56.0,0.0,24.0,2.0,30.0,9.0,195.0,St.Andrew-Windfields,40.0,53.0,65.0,14.0,33.0,0.0,2.0,0.0,63.0,7.0,237.0,16960.0,-3.0,-5.357142857142857,55.0,550.0,6.0,75.0,-23.0,-41.07142857142857,0.0,,-22.0,-91.66666666666666,-2.0,-100.0,33.0,110.00000000000001,-2.0,-22.22222222222222,42.0,21.53846153846154
Steeles,116.0,44.0,31.0,1.0,48.0,0.0,15.0,0.0,21.0,2.0,162.0,Steeles,116.0,49.0,45.0,0.0,17.0,0.0,7.0,1.0,27.0,2.0,148.0,22765.0,5.0,11.363636363636363,14.0,45.16129032258064,-1.0,-100.0,-31.0,-64.58333333333334,0.0,,-8.0,-53.333333333333336,1.0,inf,6.0,28.57142857142857,0.0,0.0,-14.0,-8.641975308641975
Stonegate-Queensway,16.0,78.0,14.0,11.0,49.0,0.0,13.0,0.0,50.0,4.0,219.0,Stonegate-Queensway,16.0,78.0,70.0,5.0,30.0,1.0,18.0,0.0,58.0,7.0,267.0,25650.0,0.0,0.0,56.0,400.0,-6.0,-54.54545454545454,-19.0,-38.775510204081634,1.0,inf,5.0,38.46153846153847,0.0,,8.0,16.0,3.0,75.0,48.0,21.91780821917808
Tam O'Shanter-Sullivan,118.0,100.0,21.0,3.0,62.0,0.0,25.0,2.0,43.0,8.0,264.0,Tam O'Shanter-Sullivan,118.0,119.0,59.0,7.0,15.0,0.0,11.0,5.0,58.0,5.0,279.0,27205.0,19.0,19.0,38.0,180.95238095238096,4.0,133.33333333333331,-47.0,-75.80645161290323,0.0,,-14.0,-56.00000000000001,3.0,150.0,15.0,34.883720930232556,-3.0,-37.5,15.0,5.681818181818182
Taylor-Massey,61.0,97.0,6.0,9.0,42.0,1.0,17.0,2.0,35.0,5.0,214.0,Taylor-Massey,61.0,116.0,20.0,17.0,16.0,0.0,10.0,2.0,54.0,10.0,245.0,15025.0,19.0,19.587628865979383,14.0,233.33333333333334,8.0,88.88888888888889,-26.0,-61.904761904761905,-1.0,-100.0,-7.0,-41.17647058823529,0.0,0.0,19.0,54.285714285714285,5.0,100.0,31.0,14.485981308411214
The Beaches,63.0,79.0,7.0,89.0,77.0,0.0,16.0,0.0,65.0,3.0,336.0,The Beaches,63.0,93.0,30.0,21.0,39.0,0.0,17.0,0.0,48.0,7.0,255.0,21510.0,14.0,17.72151898734177,23.0,328.57142857142856,-68.0,-76.40449438202246,-38.0,-49.35064935064935,0.0,,1.0,6.25,0.0,,-17.0,-26.153846153846157,4.0,133.33333333333331,-81.0,-24.107142857142858
Thistletown-Beaumond Heights,3.0,48.0,15.0,3.0,23.0,0.0,16.0,3.0,36.0,1.0,145.0,Thistletown-Beaumond Heights,3.0,61.0,44.0,1.0,8.0,0.0,6.0,1.0,40.0,2.0,163.0,9850.0,13.0,27.083333333333332,29.0,193.33333333333334,-2.0,-66.66666666666666,-15.0,-65.21739130434783,0.0,,-10.0,-62.5,-2.0,-66.66666666666666,4.0,11.11111111111111,1.0,100.0,18.0,12.413793103448276
Thorncliffe Park,55.0,88.0,4.0,15.0,24.0,1.0,15.0,1.0,30.0,11.0,189.0,Thorncliffe Park,55.0,118.0,16.0,17.0,35.0,0.0,14.0,3.0,35.0,0.0,238.0,20400.0,30.0,34.090909090909086,12.0,300.0,2.0,13.333333333333334,11.0,45.83333333333333,-1.0,-100.0,-1.0,-6.666666666666667,2.0,200.0,5.0,16.666666666666664,-11.0,-100.0,49.0,25.925925925925924
Trinity-Bellwoods,81.0,137.0,22.0,69.0,46.0,1.0,17.0,2.0,61.0,2.0,357.0,Trinity-Bellwoods,81.0,128.0,20.0,40.0,49.0,0.0,21.0,2.0,28.0,8.0,296.0,15415.0,-9.0,-6.569343065693431,-2.0,-9.090909090909092,-29.0,-42.028985507246375,3.0,6.521739130434782,-1.0,-100.0,4.0,23.52941176470588,0.0,0.0,-33.0,-54.09836065573771,6.0,300.0,-61.0,-17.086834733893557
University,79.0,130.0,13.0,139.0,51.0,0.0,33.0,0.0,72.0,6.0,444.0,University,79.0,95.0,9.0,62.0,32.0,0.0,10.0,1.0,21.0,5.0,235.0,6435.0,-35.0,-26.923076923076923,-4.0,-30.76923076923077,-77.0,-55.39568345323741,-19.0,-37.254901960784316,0.0,,-23.0,-69.6969696969697,1.0,inf,-51.0,-70.83333333333334,-1.0,-16.666666666666664,-209.0,-47.072072072072075
Victoria Village,43.0,123.0,20.0,1.0,22.0,2.0,12.0,6.0,33.0,4.0,223.0,Victoria Village,43.0,95.0,40.0,3.0,22.0,0.0,8.0,3.0,64.0,5.0,240.0,17365.0,-28.0,-22.76422764227642,20.0,100.0,2.0,200.0,0.0,0.0,-2.0,-100.0,-4.0,-33.33333333333333,-3.0,-50.0,31.0,93.93939393939394,1.0,25.0,17.0,7.623318385650224
,,,,,,,,,,,,Waterfront Communities-The Island,495.0,974.0,104.0,323.0,352.0,1.0,85.0,14.0,232.0,51.0,2136.0,84990.0,,,,,,,,,,,,,,,,,,,,
Wellington Place,164.0,524.0,23.0,160.0,113.0,0.0,43.0,3.0,67.0,19.0,952.0,Wellington Place,,,,,,,,,,,,,,,,,,,,,,,,,,,,,,,,
West Hill,136.0,422.0,15.0,25.0,72.0,0.0,77.0,6.0,64.0,8.0,689.0,West Hill,136.0,328.0,75.0,18.0,70.0,0.0,43.0,5.0,141.0,4.0,684.0,28140.0,-94.0,-22.274881516587676,60.0,400.0,-7.0,-28.000000000000004,-2.0,-2.7777777777777777,0.0,,-34.0,-44.15584415584416,-1.0,-16.666666666666664,77.0,120.3125,-4.0,-50.0,-5.0,-0.7256894049346879
West Humber-Clairville,1.0,291.0,322.0,18.0,131.0,2.0,91.0,10.0,225.0,41.0,1131.0,West Humber-Clairville,1.0,242.0,498.0,12.0,98.0,1.0,53.0,5.0,378.0,54.0,1341.0,33300.0,-49.0,-16.83848797250859,176.0,54.6583850931677,-6.0,-33.33333333333333,-33.0,-25.190839694656486,-1.0,-50.0,-38.0,-41.75824175824176,-5.0,-50.0,153.0,68.0,13.0,31.70731707317073,210.0,18.56763925729443
West Queen West,162.0,117.0,5.0,63.0,42.0,1.0,7.0,3.0,47.0,6.0,291.0,West Queen West,,,,,,,,,,,,,,,,,,,,,,,,,,,,,,,,
West Rouge,143.0,61.0,7.0,12.0,34.0,0.0,9.0,1.0,41.0,3.0,168.0,West Rouge,,,,,,,,,,,,,,,,,,,,,,,,,,,,,,,,
Westminster-Branson,35.0,110.0,24.0,15.0,19.0,0.0,10.0,2.0,44.0,7.0,231.0,Westminster-Branson,35.0,89.0,61.0,17.0,25.0,0.0,8.0,2.0,59.0,7.0,268.0,25705.0,-21.0,-19.090909090909093,37.0,154.16666666666669,2.0,13.333333333333334,6.0,31.57894736842105,0.0,,-2.0,-20.0,0.0,0.0,15.0,34.090909090909086,0.0,0.0,37.0,16.017316017316016
Weston,113.0,183.0,40.0,6.0,44.0,3.0,42.0,13.0,93.0,4.0,428.0,Weston,113.0,204.0,60.0,6.0,36.0,0.0,25.0,4.0,70.0,5.0,410.0,18675.0,21.0,11.475409836065573,20.0,50.0,0.0,0.0,-8.0,-18.181818181818183,-3.0,-100.0,-17.0,-40.476190476190474,-9.0,-69.23076923076923,-23.0,-24.731182795698924,1.0,25.0,-18.0,-4.205607476635514
Weston-Pelham Park,91.0,83.0,16.0,4.0,16.0,1.0,15.0,4.0,21.0,8.0,168.0,Weston-Pelham Park,91.0,92.0,16.0,2.0,23.0,0.0,6.0,4.0,17.0,1.0,161.0,10680.0,9.0,10.843373493975903,0.0,0.0,-2.0,-50.0,7.0,43.75,-1.0,-100.0,-9.0,-60.0,0.0,0.0,-4.0,-19.047619047619047,-7.0,-87.5,-7.0,-4.166666666666666
Wexford/Maryvale,119.0,212.0,44.0,8.0,76.0,2.0,26.0,4.0,117.0,13.0,502.0,Wexford/Maryvale,119.0,216.0,92.0,10.0,70.0,2.0,28.0,5.0,139.0,15.0,577.0,28345.0,4.0,1.8867924528301887,48.0,109.09090909090908,2.0,25.0,-6.0,-7.894736842105263,0.0,0.0,2.0,7.6923076923076925,1.0,25.0,22.0,18.803418803418804,2.0,15.384615384615385,75.0,14.940239043824702
,,,,,,,,,,,,Willowdale East,303.0,125.0,84.0,25.0,45.0,0.0,35.0,1.0,132.0,14.0,461.0,35645.0,,,,,,,,,,,,,,,,,,,,
Willowdale West,37.0,82.0,11.0,47.0,38.0,0.0,9.0,2.0,40.0,4.0,233.0,Willowdale West,190.0,130.0,62.0,39.0,33.0,0.0,34.0,0.0,91.0,14.0,403.0,30950.0,48.0,58.536585365853654,51.0,463.6363636363637,-8.0,-17.02127659574468,-5.0,-13.157894736842104,0.0,,25.0,277.77777777777777,-2.0,-100.0,51.0,127.49999999999999,10.0,250.0,170.0,72.96137339055794
Willowridge-Martingrove-Richview,7.0,101.0,51.0,2.0,35.0,0.0,62.0,2.0,53.0,4.0,310.0,Willowridge-Martingrove-Richview,7.0,58.0,58.0,6.0,22.0,2.0,6.0,3.0,54.0,3.0,212.0,22445.0,-43.0,-42.57425742574257,7.0,13.725490196078432,4.0,200.0,-13.0,-37.142857142857146,2.0,inf,-56.0,-90.32258064516128,1.0,50.0,1.0,1.8867924528301887,-1.0,-25.0,-98.0,-31.61290322580645
,,,,,,,,,,,,Woburn,283.0,364.0,107.0,6.0,55.0,2.0,33.0,20.0,139.0,13.0,739.0,53665.0,,,,,,,,,,,,,,,,,,,,
Woburn North,142.0,173.0,22.0,2.0,42.0,0.0,35.0,2.0,55.0,9.0,340.0,Woburn North,,,,,,,,,,,,,,,,,,,,,,,,,,,,,,,,
Woodbine Corridor,64.0,83.0,10.0,29.0,52.0,0.0,9.0,1.0,28.0,6.0,218.0,Woodbine Corridor,64.0,73.0,13.0,19.0,31.0,1.0,8.0,0.0,33.0,2.0,180.0,12205.0,-10.0,-12.048192771084338,3.0,30.0,-10.0,-34.48275862068966,-21.0,-40.38461538461539,1.0,inf,-1.0,-11.11111111111111,-1.0,-100.0,5.0,17.857142857142858,-4.0,-66.66666666666666,-38.0,-17.431192660550458
Woodbine-Lumsden,60.0,36.0,2.0,7.0,14.0,0.0,3.0,1.0,36.0,6.0,105.0,Woodbine-Lumsden,60.0,33.0,9.0,3.0,11.0,0.0,2.0,0.0,32.0,0.0,90.0,7915.0,-3.0,-8.333333333333332,7.0,350.0,-4.0,-57.14285714285714,-3.0,-21.428571428571427,0.0,,-1.0,-33.33333333333333,-1.0,-100.0,-4.0,-11.11111111111111,-6.0,-100.0,-15.0,-14.285714285714285
Wychwood,94.0,82.0,19.0,35.0,29.0,0.0,9.0,0.0,26.0,4.0,204.0,Wychwood,94.0,56.0,13.0,13.0,33.0,0.0,5.0,1.0,13.0,2.0,136.0,12800.0,-26.0,-31.70731707317073,-6.0,-31.57894736842105,-22.0,-62.857142857142854,4.0,13.793103448275861,0.0,,-4.0,-44.44444444444444,1.0,inf,-13.0,-50.0,-2.0,-50.0,-68.0,-33.33333333333333
Yonge-Bay Corridor,170.0,481.0,20.0,202.0,60.0,0.0,73.0,0.0,77.0,27.0,940.0,Yonge-Bay Corridor,,,,,,,,,,,,,,,,,,,,,,,,,,,,,,,,
Yonge-Doris,151.0,73.0,4.0,21.0,12.0,0.0,22.0,0.0,15.0,6.0,153.0,Yonge-Doris,,,,,,,,,,,,,,,,,,,,,,,,,,,,,,,,
Yonge-Eglinton,100.0,66.0,3.0,22.0,19.0,0.0,12.0,0.0,8.0,2.0,132.0,Yonge-Eglinton,100.0,64.0,28.0,14.0,31.0,0.0,4.0,0.0,22.0,2.0,165.0,12410.0,-2.0,-3.0303030303030303,25.0,833.3333333333334,-8.0,-36.36363636363637,12.0,63.1578947368421,0.0,,-8.0,-66.66666666666666,0.0,,14.0,175.0,0.0,0.0,33.0,25.0
Yonge-St.Clair,97.0,32.0,7.0,14.0,12.0,0.0,6.0,1.0,7.0,7.0,86.0,Yonge-St.Clair,97.0,51.0,13.0,12.0,30.0,0.0,5.0,0.0,23.0,3.0,137.0,12905.0,19.0,59.375,6.0,85.71428571428571,-2.0,-14.285714285714285,18.0,150.0,0.0,,-1.0,-16.666666666666664,-1.0,-100.0,16.0,228.57142857142856,-4.0,-57.14285714285714,51.0,59.30232558139535
York University Heights,27.0,364.0,109.0,25.0,99.0,2.0,71.0,5.0,138.0,38.0,851.0,York University Heights,27.0,332.0,174.0,18.0,114.0,6.0,40.0,14.0,200.0,32.0,930.0,28255.0,-32.0,-8.791208791208792,65.0,59.63302752293578,-7.0,-28.000000000000004,15.0,15.151515151515152,4.0,200.0,-31.0,-43.66197183098591,9.0,180.0,62.0,44.927536231884055,-6.0,-15.789473684210526,79.0,9.283196239717979
Yorkdale-Glen Park,31.0,175.0,41.0,11.0,66.0,1.0,24.0,1.0,63.0,26.0,408.0,Yorkdale-Glen Park,31.0,162.0,96.0,29.0,63.0,1.0,17.0,9.0,112.0,21.0,510.0,16625.0,-13.0,-7.428571428571429,55.0,134.14634146341464,18.0,163.63636363636365,-3.0,-4.545454545454546,0.0,0.0,-7.0,-29.166666666666668,8.0,800.0,49.0,77.77777777777779,-5.0,-19.230769230769234,102.0,25.0
